{
    "vertices":[1.17534,-0.044916,3.74362,1.17534,1.95508,3.74362,3.63587,-0.044916,3.74362,3.63587,1.95508,3.74362,1.17534,-0.044916,3.51668,1.17534,1.95508,3.51668,3.63587,-0.044916,3.51668,3.63587,1.95508,3.51668],
    "faces":[35,2,0,1,3,0,0,0,0,0,35,3,7,6,2,0,1,1,1,1,35,7,5,4,6,0,2,2,2,2,35,0,4,5,1,0,3,3,3,3,35,0,2,6,4,0,4,4,4,4,35,5,7,3,1,0,5,5,5,5],
    "materials":[],
    "metadata":{
        "vertices":8,
        "faces":6,
        "type":"Geometry",
        "colors":0,
        "generator":"io_three",
        "uvs":0,
        "version":3,
        "materials":0,
        "normals":6
    },
    "colors":[],
    "uvs":[],
    "name":"Cube.005Geometry",
    "normals":[-0,-1,-0,-1,0,-0,0,1,-0,1,0,-0,0,-0,-1,0,-0,1]
}