{
    "materials":[],
    "metadata":{
        "generator":"io_three",
        "colors":0,
        "normals":6,
        "uvs":0,
        "type":"Geometry",
        "bones":0,
        "version":3,
        "materials":0,
        "faces":6,
        "vertices":8
    },
    "colors":[],
    "normals":[-1,0,0,0,-1,0,1,0,0,0,1,-0,-0,0,1,-0,0,-1],
    "uvs":[],
    "bones":[],
    "name":"CubeGeometry",
    "vertices":[-0.491003,-0.001379,0.048403,-0.491003,0.829281,0.048403,-0.491003,-0.001379,-0.052298,-0.491003,0.829281,-0.052298,0.494117,-0.001379,0.048403,0.494117,0.829281,0.048403,0.494117,-0.001379,-0.052298,0.494117,0.829281,-0.052298],
    "skinWeights":[],
    "skinIndices":[],
    "faces":[35,2,0,1,3,0,0,0,0,0,35,3,7,6,2,0,1,1,1,1,35,7,5,4,6,0,2,2,2,2,35,0,4,5,1,0,3,3,3,3,35,0,2,6,4,0,4,4,4,4,35,5,7,3,1,0,5,5,5,5],
    "influencesPerVertex":2
}