{
    "materials":[],
    "metadata":{
        "generator":"io_three",
        "colors":0,
        "normals":9,
        "uvs":0,
        "type":"Geometry",
        "bones":0,
        "version":3,
        "materials":0,
        "faces":22,
        "vertices":24
    },
    "colors":[],
    "normals":[-1,0,0,1,0,0,-0,0,-1,0,1,-0,0,-1,0,0,-0,1,0,0,1,1,-0,-0,-1,0,-0],
    "uvs":[],
    "bones":[],
    "name":"Cube.002Geometry",
    "vertices":[-1,0,0.075,-1,1.17,0.075,-1,0,-0.075,-1,1.17,-0.075,1,0,0.075,1,1.17,0.075,1,0,-0.075,1,1.17,-0.075,-0.333333,1.17,-0.075,0.333333,1.17,-0.075,0.333333,1.17,0.075,-0.333333,1.17,0.075,-0.333333,0,0.075,0.333333,0,0.075,-0.333333,0,-0.075,0.333333,0,-0.075,-1,0.585,0.075,-1,0.585,-0.075,1,0.585,-0.075,1,0.585,0.075,-0.333333,0.585,-0.075,0.333333,0.585,-0.075,-0.333333,0.585,0.075,0.333333,0.585,0.075],
    "skinWeights":[],
    "skinIndices":[],
    "faces":[35,2,0,16,17,0,0,0,0,0,35,18,19,4,6,0,1,1,1,1,35,11,8,3,1,0,2,2,2,2,35,23,19,5,10,0,3,3,3,3,35,21,9,7,18,0,4,4,4,4,35,15,6,4,13,0,5,5,5,5,35,12,0,2,14,0,6,6,6,6,35,20,21,23,22,0,5,5,5,5,35,17,3,8,20,0,4,4,4,4,35,20,8,9,21,0,4,4,4,4,35,16,22,11,1,0,3,3,3,3,35,22,23,10,11,0,3,3,3,3,35,5,7,9,10,0,2,2,2,2,35,10,9,8,11,0,2,2,2,2,35,22,12,14,20,0,7,7,7,7,35,0,12,22,16,0,3,3,3,3,35,23,21,15,13,0,8,8,8,8,35,2,17,20,14,0,4,4,4,4,35,15,21,18,6,0,4,4,4,4,35,13,4,19,23,0,3,3,3,3,35,7,5,19,18,0,1,1,1,1,35,1,3,17,16,0,8,8,8,8],
    "influencesPerVertex":2
}