{
    "bones":[{
        "name":"Bone",
        "pos":[0.002067,0.003336,0.069873],
        "parent":-1,
        "rotq":[0,0,0,1]
    }],
    "colors":[],
    "skinWeights":[0.023705,0,0,0,0.026491,0,0,0,0.03345,0,0,0,0.044302,0,0,0,0.058612,0,0,0,0.075809,0,0,0,0.095211,0,0,0,0.116052,0,0,0,0.137519,0,0,0,0.158782,0,0,0,0.179028,0,0,0,0.197491,0,0,0,0.213481,0,0,0,0.22641,0,0,0,0.235803,0,0,0,0.24132,0,0,0,0.242764,0,0,0,0.240081,0,0,0,0.233369,0,0,0,0.222869,0,0,0,0.208963,0,0,0,0.192161,0,0,0,0.173084,0,0,0,0.152449,0,0,0,0.131038,0,0,0,0.109672,0,0,0,0.08918,0,0,0,0.070365,0,0,0,0.05397,0,0,0,0.040647,0,0,0,0.030928,0,0,0,0.025204,0,0,0,0,0,0,0,0,0,0,0,0,0,0,0,0,0,0,0,0,0,0,0,0,0,0,0,0,0,0,0,0,0,0,0,0,0,0,0,0,0,0,0,0,0,0,0,0,0,0,0,0,0,0,0,0,0,0,0,0,0,0,0,0,0,0,0,0,0,0,0,0,0,0,0,0,0,0,0,0,0,0,0,0,0,0,0,0,0,0,0,0,0,0,0,0,0,0,0,0,0,0,0,0,0,0,0,0,0,0,0,0,0,0,0,0,0,0,0,0,0,0,0,0,0,0,0,0,0,0,0,0,0,0,0,0,0,0,0,0,0,0,0,0,0,0,0,0,0,0,0,0,0,0,0,0,0,0,0,0,0,0,0,0,0,0,0,0,0,0,0,0,0,0,0,0,0,0,0,0,0,0,0,0,0,0,0,0,0,0,0,0,0,0,0],
    "materials":[{
        "DbgName":"Material.001",
        "colorDiffuse":[0.181267,0.052806,0.006582],
        "colorEmissive":[0,0,0],
        "colorSpecular":[0.5,0.5,0.5],
        "vertexColors":false,
        "DbgIndex":0,
        "opacity":1,
        "shading":"phong",
        "specularCoef":50,
        "blending":"NormalBlending",
        "DbgColor":15658734,
        "visible":true,
        "transparent":false,
        "wireframe":false,
        "depthTest":true,
        "depthWrite":true
    }],
    "influencesPerVertex":2,
    "normals":[0.056545,-0.574107,-0.816825,0.167462,-0.552045,-0.816825,0.27194,-0.508768,-0.816825,0.365972,-0.445938,-0.816825,0.445938,-0.365972,-0.816825,0.508767,-0.271942,-0.816825,0.552044,-0.167462,-0.816825,0.574107,-0.056545,-0.816825,0.574107,0.056545,-0.816825,0.552044,0.167462,-0.816825,0.508767,0.271942,-0.816825,0.445938,0.365972,-0.816825,0.365973,0.445937,-0.816825,0.271941,0.508768,-0.816825,0.167461,0.552044,-0.816825,0.056545,0.574107,-0.816825,-0.056545,0.574107,-0.816825,-0.167461,0.552044,-0.816825,-0.271943,0.508766,-0.816825,-0.365971,0.445939,-0.816825,-0.445939,0.365971,-0.816825,-0.508767,0.271941,-0.816825,-0.552044,0.167461,-0.816825,-0.574107,0.056542,-0.816825,-0.574107,-0.056545,-0.816825,-0.552045,-0.167461,-0.816825,-0.508767,-0.271943,-0.816825,-0.445938,-0.365972,-0.816825,-0.365972,-0.445938,-0.816825,-0.27194,-0.508768,-0.816825,0,0,-1,0,0,-1,-0,0,-1,0,-0,-1,-0.167461,-0.552044,-0.816825,-0.056543,-0.574107,-0.816825,-0,0,1,0,0,1,0,0,1,0,-0,1,-0.098014,-0.995185,0,-0.097985,-0.994895,0.024124,-0.098014,-0.995185,0,-0.290285,-0.95694,0,-0.290201,-0.956662,0.024124,-0.290286,-0.95694,0,-0.471394,-0.881923,0,-0.471257,-0.881666,0.024124,-0.471394,-0.881923,0,-0.634393,-0.77301,0,-0.634209,-0.772786,0.024124,-0.634393,-0.77301,0,-0.77301,-0.634393,0,-0.772785,-0.634209,0.024124,-0.77301,-0.634393,0,-0.881921,-0.471398,0,-0.881664,-0.471261,0.024124,-0.88192,-0.471398,0,-0.95694,-0.290286,0,-0.956662,-0.290201,0.024124,-0.95694,-0.290286,0,-0.995185,-0.098017,0,-0.994895,-0.097989,0.024124,-0.995185,-0.098017,0,-0.995185,0.098013,-0,-0.994895,0.097985,0.024124,-0.995185,0.098013,-0,-0.95694,0.290286,-0,-0.956662,0.290201,0.024124,-0.95694,0.290286,-0,-0.881922,0.471396,-0,-0.881665,0.471259,0.024124,-0.881922,0.471396,-0,-0.773012,0.634391,-0,-0.772787,0.634206,0.024124,-0.773012,0.634391,-0,-0.634391,0.773012,-0,-0.634207,0.772787,0.024124,-0.634391,0.773012,-0,-0.471399,0.88192,-0,-0.471262,0.881663,0.024124,-0.471399,0.88192,-0,-0.290286,0.95694,-0,-0.290201,0.956662,0.024124,-0.290286,0.95694,-0,-0.098017,0.995185,-0,-0.097989,0.994895,0.024124,-0.098018,0.995185,-0,0.098017,0.995185,-0,0.097989,0.994895,0.024124,0.098018,0.995185,-0,0.290285,0.95694,-0,0.290201,0.956662,0.024124,0.290285,0.95694,-0,0.471395,0.881922,-0,0.471257,0.881666,0.024124,0.471395,0.881922,-0,0.634396,0.773008,-0,0.634211,0.772784,0.024124,0.634396,0.773008,-0,0.77301,0.634393,-0,0.772786,0.634209,0.024124,0.773011,0.634393,-0,0.881921,0.471398,-0,0.881664,0.471261,0.024124,0.881921,0.471398,-0,0.95694,0.290286,-0,0.956662,0.290201,0.024124,0.95694,0.290286,-0,0.995185,0.098017,-0,0.994895,0.097989,0.024124,0.995185,0.098017,-0,0.995185,-0.098017,0,0.994895,-0.097989,0.024124,0.995185,-0.098017,0,0.95694,-0.290286,0,0.956662,-0.290201,0.024124,0.95694,-0.290286,0,0.881921,-0.471397,0,0.881664,-0.47126,0.024124,0.881921,-0.471397,0,0.77301,-0.634393,0,0.772786,-0.634209,0.024124,0.77301,-0.634393,0,0.634393,-0.77301,0,0.634209,-0.772785,0.024124,0.634393,-0.77301,0,0.471395,-0.881922,0,0.471257,-0.881666,0.024124,0.471395,-0.881922,0,0.290286,-0.95694,0,0.290201,-0.956662,0.024124,0.290286,-0.95694,0,0.098017,-0.995185,0,0.097989,-0.994895,0.024124,0.098018,-0.995185,0],