{
    "influencesPerVertex":2,
    "faces":[43,0,9,6,1,0,2,3,0,1,0,0,0,0,43,20,22,3,2,0,4,5,6,7,1,1,1,1,43,26,8,3,22,0,6,6,6,6,2,2,2,2,43,23,0,1,21,0,5,1,6,4,3,3,3,3,43,25,6,4,24,0,6,6,6,6,4,4,4,4,43,8,4,5,7,0,8,5,9,10,5,5,5,5,43,3,8,7,2,0,6,8,10,7,6,6,6,6,43,21,1,6,25,0,6,6,6,6,7,7,7,7,43,24,4,8,26,0,6,6,6,6,8,8,8,8,43,4,6,9,5,0,5,0,3,9,9,9,9,9,43,16,19,10,11,0,0,3,2,1,10,10,10,10,43,20,12,13,22,0,4,7,6,5,1,1,1,1,43,26,22,13,18,0,6,6,6,6,11,11,11,11,43,23,21,11,10,0,5,4,6,1,3,3,3,3,43,25,24,14,16,0,6,6,6,6,12,12,12,12,43,18,17,15,14,0,8,10,9,5,13,13,13,13,43,13,12,17,18,0,6,7,10,8,14,14,14,14,43,21,25,16,11,0,6,6,6,6,15,15,15,15,43,24,26,18,14,0,6,6,6,6,16,16,16,16,43,14,15,19,16,0,5,9,3,0,17,17,17,17],
    "vertices":[0.55026,-0.002015,0.055058,0.55026,0.997985,0.055058,0.55026,-0.002015,-0.044942,0.55026,0.997985,-0.044942,0.590518,0.997951,0.005058,0.590518,-0.002015,0.005058,0.580338,0.997233,0.033096,0.580198,-0.002049,-0.02298,0.580338,0.997233,-0.02298,0.580198,-0.002049,0.033096,-0.54974,-0.002015,0.055058,-0.54974,0.997985,0.055058,-0.54974,-0.002015,-0.044942,-0.54974,0.997985,-0.044942,-0.612148,0.997951,0.005058,-0.612148,-0.002015,0.005058,-0.603271,0.997233,0.033096,-0.603131,-0.002049,-0.02298,-0.603271,0.997233,-0.02298,-0.603131,-0.002049,0.033096,0.00026,-0.002015,-0.044942,0.00026,0.997985,0.055058,0.00026,0.997985,-0.044942,0.00026,-0.002015,0.055058,0.00026,0.997951,0.005058,0.00026,0.997233,0.032477,0.00026,0.997233,-0.022361],
    "bones":[],
    "materials":[{
        "depthWrite":true,
        "DbgIndex":0,
        "visible":true,
        "colorEmissive":[0,0,0],
        "depthTest":true,
        "specularCoef":50,
        "DbgName":"Material.004",
        "opacity":1,
        "vertexColors":false,
        "shading":"phong",
        "transparent":false,
        "wireframe":false,
        "DbgColor":15658734,
        "colorSpecular":[0.5,0.5,0.5],
        "blending":"NormalBlending"
    }],
    "skinIndices":[],
    "name":"CubeGeometry.1",
    "colors":[],
    "animations":[],
    "metadata":{
        "version":3,
        "faces":20,
        "vertices":27,
        "morphTargets":0,
        "materials":1,
        "generator":"io_three",
        "colors":0,
        "bones":0,
        "uvs":1,
        "type":"Geometry",
        "normals":18
    },
    "morphTargets":[],
    "uvs":[[0.75,0,1,0,1,1,0.75,1,0,0.5,0.5,0,0,0,0,1,0.25,0,0.5,1,0.25,1]],
    "skinWeights":[],
    "normals":[0.590593,0.806969,4.1e-05,0,-1,0,1.8e-05,0.033726,-0.999431,0,1,-0,-1.4e-05,0.025866,-0.999665,0.939208,-0.343348,6.6e-05,0.590593,-0.806969,4.1e-05,1.8e-05,-0.033726,-0.999431,-1.4e-05,-0.025866,-0.999665,0.939208,0.343348,6.6e-05,-0.379994,0.924989,2.7e-05,-1.8e-05,0.033717,-0.999432,1.3e-05,0.025866,-0.999665,-0.952672,-0.304,6.7e-05,-0.379994,-0.924989,2.7e-05,-1.8e-05,-0.033717,-0.999431,1.3e-05,-0.025866,-0.999665,-0.952672,0.304,6.7e-05]
}